method,step,loss,cos_similarity
ccs,0,3.5270,0.3303
ccs,1,3.6048,0.2217
ccs,2,3.2217,0.0963
ccs,3,3.4807,0.1196
ccs,4,3.1105,0.0447
ccs,5,3.1680,-0.0628
ccs,6,3.1063,-0.2223
ccs,7,3.3086,-0.1747
ccs,8,3.3902,-0.0246
ccs,9,3.6263,0.1974
ccs,10,3.5267,0.2481
ccs,11,3.3690,0.2327
ccs,12,3.5176,0.0859
ccs,13,3.2101,0.0064
ccs,14,3.1004,-0.0934
ccs,15,3.1445,-0.0470
ccs,16,3.1936,0.0434
ccs,17,3.1218,0.1325
ccs,18,2.9233,0.1060
ccs,19,2.9286,0.1305
ccs,20,3.2789,0.0411
ccs,21,3.0704,-0.0323
ccs,22,3.3652,-0.0976
ccs,23,3.1819,-0.1438
ccs,24,3.3220,-0.1469
ccs,25,3.3387,-0.0947
ccs,26,3.1881,-0.1612
ccs,27,3.6495,-0.0703
ccs,28,3.4680,-0.0919
ccs,29,3.4828,-0.1079
ccs,30,3.4557,-0.0840
ccs,31,3.5016,-0.0611
ccs,32,3.5259,-0.0019
ccs,33,3.5346,0.0658
ccs,34,3.3446,0.1052
ccs,35,3.2342,0.0924
ccs,36,3.2846,0.0054
ccs,37,3.3095,0.0455
ccs,38,3.3143,0.0555
ccs,39,3.3554,0.0371
ccs,40,3.3298,-0.1104
ccs,41,3.3982,-0.1995
ccs,42,3.5293,-0.0724
ccs,43,3.4038,0.1338
ccs,44,3.0850,0.1702
ccs,45,3.4280,0.0366
ccs,46,3.4196,-0.0173
ccs,47,3.2928,0.0004
ccs,48,3.4172,0.0149
ccs,49,3.6238,0.0924
ccs,50,3.2523,0.0354
ccs,51,3.3351,0.0752
ccs,52,3.0334,-0.0032
ccs,53,3.3143,0.0477
ccs,54,3.2719,0.0234
ccs,55,2.9811,-0.0827
ccs,56,3.1142,-0.0631
ccs,57,3.1054,-0.0185
ccs,58,3.0930,-0.0379
ccs,59,3.0856,-0.0273
ccs,60,3.1572,-0.0051
ccs,61,3.0951,-0.0732
ccs,62,3.2559,-0.0721
ccs,63,3.2347,-0.1331
ccs,64,3.2124,-0.1536
ccs,65,3.2931,-0.1862
ccs,66,3.2483,-0.1632
ccs,67,3.2880,-0.1730
ccs,68,3.4211,-0.2036
ccs,69,3.4344,-0.2281
ccs,70,3.5547,-0.2281
ccs,71,3.5897,-0.2264
ccs,72,3.4944,-0.2109
ccs,73,3.6753,-0.2046
ccs,74,3.6170,-0.2470
ccs,75,3.7145,-0.3057
ccs,76,3.6878,-0.3259
ccs,77,3.7146,-0.3833
ccs,78,3.8718,-0.3878
ccs,79,3.9802,-0.3873
ccs,80,4.1493,-0.3528
ccs,81,4.2183,-0.3215
ccs,82,4.1924,-0.3010
ccs,83,4.1051,-0.2711
ccs,84,4.0258,-0.2393
ccs,85,3.8810,-0.1856
ccs,86,3.9062,-0.1609
ccs,87,3.6461,-0.1911
ccs,88,3.5935,-0.1540
ccs,89,3.4935,-0.1692
ccs,90,3.4316,-0.1427
ccs,91,3.4336,-0.1373
ccs,92,3.4472,-0.0784
ccs,93,3.4073,-0.1138
ccs,94,3.3747,-0.0760
ccs,95,3.4600,-0.0928
ccs,96,3.3369,-0.1371
ccs,97,3.5395,-0.1609
ccs,98,3.5242,-0.1111
ccs,99,3.3581,-0.2482
ccs,100,3.4611,-0.2238
ccs,101,3.5565,-0.1417
ccs,102,3.5357,-0.2260
ccs,103,3.6098,-0.2042
ccs,104,3.6419,-0.1534
ccs,105,3.7328,-0.1389
ccs,106,3.6664,-0.2069
ccs,107,3.6751,-0.1823
ccs,108,3.6910,-0.2003
ccs,109,3.6639,-0.1678
ccs,110,3.7445,-0.1934
ccs,111,3.6781,-0.1757
ccs,112,3.6784,-0.1694
ccs,113,3.7901,-0.1531
ccs,114,3.7332,-0.1655
ccs,115,3.6691,-0.1580
ccs,116,3.6659,-0.1480
ccs,117,3.5893,-0.1449
ccs,118,3.7014,-0.1597
ccs,119,3.6439,-0.1488
ccs,120,3.6209,-0.1646
ccs,121,3.6079,-0.1645
ccs,122,3.5215,-0.1692
ccs,123,3.5086,-0.1774
ccs,124,3.5115,-0.1834
ccs,125,3.5246,-0.1761
ccs,126,3.4814,-0.1946
ccs,127,3.6496,-0.2041
ccs,128,3.6063,-0.1880
ccs,129,3.4830,-0.1986
ccs,130,3.4803,-0.2384
ccs,131,3.4168,-0.2215
ccs,132,3.4645,-0.1783
ccs,133,3.5082,-0.1538
ccs,134,3.4350,-0.1531
ccs,135,3.4524,-0.1589
ccs,136,3.5687,-0.1062
ccs,137,3.6005,-0.0844
ccs,138,3.5793,-0.1039
ccs,139,3.5530,-0.1018
ccs,140,3.5515,-0.1174
ccs,141,3.4491,-0.1187
ccs,142,3.4978,-0.1107
ccs,143,3.4532,-0.1065
ccs,144,3.6027,-0.0606
ccs,145,3.6847,-0.0581
ccs,146,3.5344,-0.0765
ccs,147,3.5331,-0.0396
ccs,148,3.5052,-0.0649
ccs,149,3.6373,-0.0591
ccs,150,3.5359,-0.0402
ccs,151,3.4414,-0.0298
ccs,152,3.4532,-0.0154
ccs,153,3.5086,-0.0284
ccs,154,3.4288,-0.0091
ccs,155,3.4448,-0.0267
ccs,156,3.3248,-0.0104
ccs,157,3.3849,0.0056
ccs,158,3.2752,0.0009
ccs,159,3.3670,0.0058
ccs,160,3.4411,-0.0243
ccs,161,3.2458,-0.0225
ccs,162,3.3255,-0.0358
ccs,163,3.1687,-0.0284
ccs,164,3.1770,-0.0351
ccs,165,3.4096,-0.0651
ccs,166,3.4088,-0.0789
ccs,167,3.1832,-0.0759
ccs,168,3.1730,-0.0726
ccs,169,3.2831,-0.0847
ccs,170,3.2315,-0.0854
ccs,171,3.5079,-0.0795
ccs,172,3.2252,-0.0995
ccs,173,3.3312,-0.0872
ccs,174,3.3471,-0.0945
ccs,175,3.5351,-0.1050
ccs,176,3.4213,-0.0951
ccs,177,3.4390,-0.0860
ccs,178,3.3197,-0.0844
ccs,179,3.3187,-0.0900
ccs,180,3.2978,-0.0853
ccs,181,3.3458,-0.0857
ccs,182,3.3300,-0.0863
ccs,183,3.4583,-0.0781
ccs,184,3.2944,-0.0702
ccs,185,3.3884,-0.0785
ccs,186,3.4837,-0.0726
ccs,187,3.4013,-0.0787
ccs,188,3.5179,-0.0641
ccs,189,3.5663,-0.0550
ccs,190,3.2062,-0.0974
ccs,191,3.2670,-0.0653
ccs,192,3.3965,-0.0740
ccs,193,3.4617,-0.0782
ccs,194,3.3303,-0.0843
ccs,195,3.4950,-0.0683
ccs,196,3.3921,-0.0746
ccs,197,3.2669,-0.0869
ccs,198,3.3571,-0.0771
ccs,199,3.3920,-0.0686
ccs,200,3.3110,-0.0814
ccs,201,3.2737,-0.0855
ccs,202,3.2953,-0.0817
ccs,203,3.4660,-0.0758
ccs,204,3.3137,-0.0905
ccs,205,3.2559,-0.0817
ccs,206,3.3618,-0.0788
ccs,207,3.3284,-0.0994
ccs,208,3.2435,-0.0919
ccs,209,3.2689,-0.0875
ccs,210,3.3937,-0.0911
ccs,211,3.3856,-0.0769
ccs,212,3.2644,-0.0795
ccs,213,3.4590,-0.0820
ccs,214,3.3447,-0.0740
ccs,215,3.2605,-0.0813
ccs,216,3.2724,-0.0729
ccs,217,3.2901,-0.0692
ccs,218,3.3378,-0.0741
ccs,219,3.3017,-0.0638
ccs,220,3.2997,-0.0667
ccs,221,3.2380,-0.0663
ccs,222,3.1645,-0.0628
ccs,223,3.2220,-0.0560
ccs,224,3.3331,-0.0533
ccs,225,3.3043,-0.0596
ccs,226,3.2566,-0.0585
ccs,227,3.1877,-0.0521
ccs,228,3.2614,-0.0527
ccs,229,3.1347,-0.0537
ccs,230,3.2180,-0.0470
ccs,231,3.2047,-0.0538
ccs,232,3.3500,-0.0390
ccs,233,3.1925,-0.0472
ccs,234,3.0846,-0.0324
ccs,235,3.2083,-0.0292
ccs,236,3.4595,-0.0227
ccs,237,3.2250,-0.0342
ccs,238,3.0889,-0.0481
ccs,239,3.0861,-0.0388
ccs,240,3.2423,-0.0371
ccs,241,3.2210,-0.0442
ccs,242,3.1179,-0.0498
ccs,243,3.2794,-0.0328
ccs,244,3.1485,-0.0454
ccs,245,3.1092,-0.0443
ccs,246,3.0204,-0.0485
ccs,247,3.3068,-0.0769
ccs,248,3.1623,-0.0986
ccs,249,3.2203,-0.0944
ccs,250,3.1234,-0.0898
ccs,251,3.2649,-0.0956
ccs,252,3.1025,-0.0702
ccs,253,3.2250,-0.0651
ccs,254,3.3204,-0.0780
ccs,255,3.0108,-0.0664
ccs,256,3.1032,-0.0746
ccs,257,3.2269,-0.0758
ccs,258,3.1346,-0.0668
ccs,259,3.2222,-0.0899
ccs,260,3.2952,-0.0946
ccs,261,3.3094,-0.0966
ccs,262,3.1762,-0.0830
ccs,263,3.0116,-0.0686
ccs,264,3.2426,-0.0781
ccs,265,3.1341,-0.0617
ccs,266,3.1930,-0.0735
ccs,267,3.0856,-0.0739
ccs,268,3.2140,-0.0756
ccs,269,3.2135,-0.0802
ccs,270,3.1907,-0.0807
ccs,271,3.3004,-0.0943
ccs,272,3.0484,-0.0725
ccs,273,3.2263,-0.0752
ccs,274,3.1486,-0.0668
ccs,275,3.2602,-0.0856
ccs,276,3.2510,-0.0880
ccs,277,3.1517,-0.0841
ccs,278,3.0465,-0.0596
ccs,279,3.1188,-0.0719
ccs,280,3.4408,-0.0793
ccs,281,3.1648,-0.0762
ccs,282,3.1598,-0.0675
ccs,283,3.1511,-0.0778
ccs,284,3.1928,-0.0617
ccs,285,3.3239,-0.0666
ccs,286,3.2841,-0.0685
ccs,287,3.1930,-0.0565
ccs,288,3.2240,-0.0611
ccs,289,3.4094,-0.0803
ccs,290,3.1180,-0.0405
ccs,291,3.1804,-0.0575
ccs,292,3.1500,-0.0664
ccs,293,3.1800,-0.0666
ccs,294,3.1236,-0.0627
ccs,295,3.0905,-0.0596
ccs,296,3.1466,-0.0605
ccs,297,3.2242,-0.0682
ccs,298,3.2422,-0.0649
ccs,299,3.2311,-0.0754
ccs,300,3.2492,-0.0787
ccs,301,3.3592,-0.0839
ccs,302,3.1797,-0.0868
ccs,303,3.4747,-0.0964
ccs,304,3.4142,-0.1075
ccs,305,3.5674,-0.1240
ccs,306,3.3024,-0.1639
ccs,307,3.3050,-0.2188
ccs,308,3.6626,-0.2485
ccs,309,3.5320,-0.2829
ccs,310,3.5985,-0.2748
ccs,311,3.3795,-0.2830
ccs,312,3.4597,-0.2531
ccs,313,3.8618,-0.1329
ccs,314,3.5896,-0.0745
ccs,315,3.3599,-0.0411
ccs,316,3.5328,-0.0448
ccs,317,3.7472,-0.0046
ccs,318,3.4044,-0.0010
ccs,319,3.4066,-0.0111
ccs,320,3.3474,-0.0191
ccs,321,3.2680,-0.0083
ccs,322,3.2699,-0.0146
ccs,323,3.5105,-0.0293
ccs,324,3.2877,-0.0227
ccs,325,3.3564,-0.0173
ccs,326,3.1326,-0.0180
ccs,327,3.1580,-0.0145
ccs,328,3.3079,-0.0165
ccs,329,3.0244,-0.0213
ccs,330,3.3263,-0.0316
ccs,331,3.1679,-0.0347
ccs,332,3.2534,-0.0565
ccs,333,3.1676,-0.0816
ccs,334,3.2155,-0.0342
ccs,335,3.0815,-0.1307
ccs,336,3.2000,-0.0231
ccs,337,3.0625,-0.0563
ccs,338,2.9030,-0.0646
ccs,339,3.0078,-0.0396
ccs,340,3.2019,-0.0146
ccs,341,3.1669,0.0123
ccs,342,2.8855,0.0193
ccs,343,3.0082,0.0256
ccs,344,3.0566,0.0260
ccs,345,2.9163,0.0176
ccs,346,3.0295,0.0119
ccs,347,3.0007,0.0171
ccs,348,2.9968,-0.0241
ccs,349,3.1447,0.0138
ccs,350,2.8462,-0.0045
ccs,351,2.9673,-0.0137
ccs,352,2.9245,-0.0079
ccs,353,2.9918,0.0086
ccs,354,3.1162,0.0107
ccs,355,3.0904,0.0028
ccs,356,2.9917,-0.0181
ccs,357,2.9993,-0.0091
ccs,358,3.0130,0.0035
ccs,359,2.9903,-0.0031
ccs,360,3.0102,-0.0039
ccs,361,2.9450,0.0042
ccs,362,2.9981,-0.0019
ccs,363,2.9404,-0.0148
ccs,364,2.9454,-0.0051
ccs,365,2.9393,-0.0078
ccs,366,2.9149,0.0018
ccs,367,3.0086,-0.0101
ccs,368,2.8582,-0.0077
ccs,369,2.9299,-0.0166
ccs,370,2.8749,-0.0280
ccs,371,2.9797,0.0160
ccs,372,2.9202,-0.0121
ccs,373,3.0272,-0.0176
ccs,374,2.9393,-0.0255
ccs,375,2.9353,-0.0162
ccs,376,2.9279,-0.0128
ccs,377,2.9197,-0.0222
ccs,378,2.9477,-0.0287
ccs,379,2.9193,-0.0157
ccs,380,2.8645,-0.0297
ccs,381,2.9066,-0.0354
ccs,382,2.9825,-0.0231
ccs,383,2.9337,-0.0166
ccs,384,2.9491,-0.0156
ccs,385,3.1416,-0.0118
ccs,386,2.9223,-0.0218
ccs,387,2.9377,-0.0182
ccs,388,2.9481,-0.0179
ccs,389,2.9337,-0.0192
ccs,390,3.1346,-0.0049
ccs,391,3.0382,-0.0133
ccs,392,2.9280,-0.0102
ccs,393,2.9478,-0.0224
ccs,394,3.0153,-0.0092
ccs,395,2.9297,-0.0169
ccs,396,2.9346,-0.0178
ccs,397,2.9995,-0.0063
ccs,398,2.9672,-0.0214
ccs,399,3.0161,-0.0179
ccs,400,2.9252,-0.0305
ccs,401,2.9793,-0.0202
ccs,402,3.0163,-0.0170
ccs,403,2.9911,-0.0225
ccs,404,3.0466,-0.0145
ccs,405,2.9539,-0.0161
ccs,406,2.9241,-0.0259
ccs,407,2.9202,-0.0323
ccs,408,3.0125,-0.0425
ccs,409,3.0479,-0.0427
ccs,410,2.9310,-0.0362
ccs,411,2.8475,-0.0119
ccs,412,3.0455,-0.0181
ccs,413,2.9725,0.0014
ccs,414,2.9178,-0.0067
ccs,415,3.1044,-0.0062
ccs,416,2.9490,-0.0394
ccs,417,2.9538,-0.0307
ccs,418,2.9600,-0.0267
ccs,419,3.0142,-0.0167
ccs,420,2.8741,-0.0154
ccs,421,3.0226,-0.0021
ccs,422,2.9904,-0.0001
ccs,423,3.0422,0.0077
ccs,424,2.9748,0.0006
ccs,425,2.9742,0.0039
ccs,426,2.9497,-0.0259
ccs,427,2.9948,-0.0102
ccs,428,2.9376,-0.0345
ccs,429,2.9508,-0.0280
ccs,430,3.0222,-0.0330
ccs,431,2.9655,-0.0430
ccs,432,2.9646,-0.0442
ccs,433,2.9733,-0.0431
ccs,434,3.0153,-0.0424
ccs,435,2.8881,-0.0436
ccs,436,2.9671,-0.0510
ccs,437,2.9684,-0.0386
ccs,438,2.9861,-0.0400
ccs,439,2.9643,-0.0378
ccs,440,2.9604,-0.0343
ccs,441,3.0007,-0.0285
ccs,442,2.9952,-0.0289
ccs,443,3.0754,-0.0377
ccs,444,3.0345,-0.0276
ccs,445,2.9283,-0.0430
ccs,446,2.9660,-0.0528
ccs,447,2.9333,-0.0470
ccs,448,2.9249,-0.0443
ccs,449,2.9431,-0.0485
ccs,450,2.9366,-0.0586
ccs,451,2.9437,-0.0608
ccs,452,3.0370,-0.0300
ccs,453,2.9783,-0.0497
ccs,454,2.9529,-0.0289
ccs,455,2.9306,-0.0255
ccs,456,3.0815,-0.0357
ccs,457,2.9196,-0.0378
ccs,458,2.8934,-0.0232
ccs,459,2.9657,-0.0423
ccs,460,3.0392,-0.0319
ccs,461,2.9703,-0.0429
ccs,462,2.9512,-0.0355
ccs,463,2.9667,-0.0409
ccs,464,2.9783,-0.0322
ccs,465,2.8991,-0.0409
ccs,466,2.9895,-0.0163
ccs,467,2.8867,-0.0354
ccs,468,3.0654,-0.0347
ccs,469,2.8321,-0.0486
ccs,470,2.9208,-0.0220
ccs,471,3.0114,-0.0385
ccs,472,2.9335,-0.0150
ccs,473,2.8976,-0.0325
ccs,474,3.0148,-0.0201
ccs,475,2.8498,-0.0391
ccs,476,3.0485,-0.0040
ccs,477,3.0391,-0.0300
ccs,478,2.8909,-0.0347
ccs,479,2.9914,-0.0154
ccs,480,2.8504,-0.0131
ccs,481,2.9289,-0.0305
ccs,482,2.9839,-0.0211
ccs,483,2.9431,-0.0120
ccs,484,2.9915,-0.0051
ccs,485,2.9773,-0.0074
ccs,486,3.0438,0.0123
ccs,487,3.0133,0.0088
ccs,488,2.9515,-0.0080
ccs,489,3.0574,-0.0046
ccs,490,3.0616,0.0201
ccs,491,3.0844,0.0164
ccs,492,3.0944,0.0243
ccs,493,3.0168,0.0115
ccs,494,2.8645,-0.0093
ccs,495,2.9159,0.0062
ccs,496,3.0225,-0.0010
ccs,497,2.8763,-0.0157
ccs,498,2.9942,0.0047
ccs,499,2.8887,-0.0084
ccs,500,2.8632,-0.0177
ccs,501,3.0369,0.0122
ccs,502,2.9105,-0.0048
ccs,503,2.9484,-0.0067
ccs,504,2.9215,-0.0036
ccs,505,2.8867,-0.0020
ccs,506,2.9005,0.0047
ccs,507,2.9107,-0.0151
ccs,508,2.8975,-0.0082
ccs,509,2.8968,-0.0266
ccs,510,2.8961,-0.0163
ccs,511,2.9301,-0.0071
ccs,512,2.9637,-0.0085
ccs,513,2.9657,-0.0122
ccs,514,2.9517,0.0043
ccs,515,2.9181,0.0068
ccs,516,2.8704,-0.0113
ccs,517,2.8394,-0.0092
ccs,518,2.8929,0.0006
ccs,519,2.9147,-0.0006
ccs,520,2.9652,-0.0026
ccs,521,2.9564,-0.0020
ccs,522,2.9286,0.0006
ccs,523,2.9333,0.0007
ccs,524,2.9454,-0.0078
ccs,525,2.8913,-0.0053
ccs,526,2.7909,-0.0194
ccs,527,2.9166,-0.0253
ccs,528,2.9221,-0.0140
ccs,529,2.9601,-0.0145
ccs,530,2.9275,-0.0106
ccs,531,2.8608,-0.0062
ccs,532,2.9615,-0.0047
ccs,533,2.9615,-0.0065
ccs,534,2.8272,-0.0083
ccs,535,2.8238,-0.0074
ccs,536,2.9798,-0.0038
ccs,537,2.9770,-0.0076
ccs,538,2.8124,-0.0096
ccs,539,2.8180,-0.0097
ccs,540,2.8388,-0.0144
ccs,541,2.8779,-0.0056
ccs,542,2.8038,-0.0051
ccs,543,2.9241,0.0016
ccs,544,2.9151,0.0003
ccs,545,2.8955,-0.0011
ccs,546,2.8805,-0.0010
ccs,547,2.8593,0.0020
ccs,548,2.9435,0.0026
ccs,549,2.8687,0.0031
ccs,550,2.8304,-0.0006
ccs,551,2.9144,-0.0097
ccs,552,2.8612,0.0022
ccs,553,2.9101,-0.0018
ccs,554,2.9341,0.0027
ccs,555,2.7785,-0.0135
ccs,556,2.8863,-0.0043
ccs,557,2.8103,-0.0123
ccs,558,2.7869,-0.0103
ccs,559,2.8768,-0.0114
ccs,560,2.8475,-0.0053
ccs,561,2.8950,-0.0073
ccs,562,2.8198,-0.0077
ccs,563,2.8074,-0.0114
ccs,564,2.9753,0.0061
ccs,565,2.8534,-0.0091
ccs,566,2.8391,-0.0056
ccs,567,2.8274,-0.0041
ccs,568,3.0221,0.0125
ccs,569,2.9530,0.0047
ccs,570,3.0270,0.0119
ccs,571,2.9545,0.0003
ccs,572,2.9320,-0.0084
ccs,573,2.8585,-0.0111
ccs,574,3.0114,-0.0015
ccs,575,2.8446,-0.0089
ccs,576,2.9494,0.0028
ccs,577,2.8341,0.0003
ccs,578,2.9594,0.0159
ccs,579,2.8704,0.0098
ccs,580,2.8770,0.0002
ccs,581,2.8551,0.0031
ccs,582,2.8903,0.0151
ccs,583,2.9005,0.0009
ccs,584,2.9519,0.0020
ccs,585,2.9795,0.0168
ccs,586,2.9153,0.0224
ccs,587,2.9394,0.0137
ccs,588,2.8328,0.0123
ccs,589,3.0657,0.0227
ccs,590,2.8902,0.0153
ccs,591,3.0080,0.0197
ccs,592,2.9328,0.0003
ccs,593,2.9350,0.0128
ccs,594,2.9285,0.0148
ccs,595,2.9407,0.0208
ccs,596,2.9556,0.0209
ccs,597,3.0928,0.0234
ccs,598,2.9613,0.0168
ccs,599,2.9201,0.0178
ccs,600,2.8704,0.0078
ccs,601,2.9844,0.0070
ccs,602,2.9423,0.0065
ccs,603,2.8774,-0.0007
ccs,604,2.9175,0.0195
ccs,605,2.9434,0.0137
ccs,606,3.0347,0.0229
ccs,607,2.9967,0.0147
ccs,608,2.8862,0.0125
ccs,609,3.0180,0.0251
ccs,610,2.8811,0.0029
ccs,611,2.9163,0.0151
ccs,612,2.9267,0.0106
ccs,613,2.9492,0.0047
ccs,614,2.9016,-0.0001
ccs,615,2.8345,-0.0000
ccs,616,2.8588,0.0034
ccs,617,3.0054,0.0230
ccs,618,2.9845,0.0142
ccs,619,2.8481,0.0007
ccs,620,2.9672,0.0152
ccs,621,2.9794,0.0207
ccs,622,2.8963,0.0211
ccs,623,2.8584,0.0022
ccs,624,2.8928,0.0116
ccs,625,2.9299,0.0199
ccs,626,2.8408,-0.0070
ccs,627,2.9094,0.0101
ccs,628,2.8687,-0.0037
ccs,629,3.0110,0.0138
ccs,630,2.9671,0.0216
ccs,631,2.9786,0.0108
ccs,632,2.8910,-0.0022
ccs,633,2.9032,0.0093
ccs,634,2.8522,0.0062
ccs,635,2.9404,0.0130
ccs,636,2.9356,0.0180
ccs,637,2.9695,0.0020
ccs,638,2.8085,-0.0120
ccs,639,2.8944,-0.0001
ccs,640,2.9990,0.0198
ccs,641,2.9449,0.0008
ccs,642,2.8935,0.0108
ccs,643,2.8476,0.0076
ccs,644,2.9375,0.0078
ccs,645,2.9288,0.0038
ccs,646,3.0543,0.0364
ccs,647,2.8931,-0.0043
ccs,648,2.9004,0.0040
ccs,649,2.8679,-0.0109
ccs,650,2.9359,0.0039
ccs,651,2.9045,0.0108
ccs,652,2.9087,0.0037
ccs,653,2.9041,-0.0016
ccs,654,2.8831,-0.0073
ccs,655,2.9289,0.0045
ccs,656,2.9127,0.0044
ccs,657,2.9707,0.0020
ccs,658,3.0033,0.0053
ccs,659,3.0049,0.0120
ccs,660,2.9627,-0.0012
ccs,661,2.9285,0.0077
ccs,662,2.9742,0.0185
ccs,663,2.9988,0.0039
ccs,664,2.8658,-0.0070
ccs,665,2.9635,0.0030
ccs,666,2.9107,0.0006
ccs,667,2.8682,-0.0085
ccs,668,2.9233,-0.0074
ccs,669,2.8690,-0.0252
ccs,670,2.9431,0.0013
ccs,671,2.8658,-0.0182
ccs,672,2.8504,-0.0258
ccs,673,2.8903,-0.0159
ccs,674,2.9785,0.0044
ccs,675,2.8595,-0.0176
ccs,676,2.8425,-0.0242
ccs,677,2.7897,-0.0268
ccs,678,2.9389,-0.0060
ccs,679,2.8888,0.0006
ccs,680,2.8805,-0.0008
ccs,681,2.8979,-0.0116
ccs,682,2.9155,-0.0011
ccs,683,2.9524,0.0044
ccs,684,2.9123,0.0013
ccs,685,2.8478,-0.0058
ccs,686,2.9093,-0.0069
ccs,687,2.9522,0.0032
ccs,688,2.9366,-0.0111
ccs,689,2.9077,-0.0055
ccs,690,2.8433,-0.0115
ccs,691,2.7770,-0.0299
ccs,692,2.8518,-0.0152
ccs,693,2.9536,0.0010
ccs,694,2.8538,-0.0125
ccs,695,2.9103,-0.0127
ccs,696,2.9156,-0.0244
ccs,697,2.8401,-0.0166
ccs,698,2.9237,-0.0192
ccs,699,2.8789,-0.0258
ccs,700,2.8516,-0.0139
ccs,701,2.9026,-0.0182
ccs,702,2.8374,-0.0352
ccs,703,2.9655,-0.0119
ccs,704,2.9166,-0.0189
ccs,705,3.0171,0.0031
ccs,706,2.8852,-0.0122
ccs,707,2.9514,0.0015
ccs,708,2.8977,-0.0085
ccs,709,2.7908,-0.0293
ccs,710,2.9505,-0.0109
ccs,711,2.8394,-0.0230
ccs,712,2.9517,-0.0007
ccs,713,2.9231,-0.0085
ccs,714,2.9117,-0.0186
ccs,715,2.8007,-0.0319
ccs,716,2.9185,-0.0050
ccs,717,2.9471,-0.0132
ccs,718,2.9295,-0.0100
ccs,719,2.8639,-0.0139
ccs,720,2.8099,-0.0398
ccs,721,2.8446,-0.0387
ccs,722,2.8242,-0.0510
ccs,723,2.8860,-0.0281
ccs,724,2.7961,-0.0227
ccs,725,2.8824,-0.0216
ccs,726,2.8173,-0.0173
ccs,727,2.8650,0.0001
ccs,728,2.8398,-0.0142
ccs,729,2.8768,-0.0284
ccs,730,2.8108,-0.0099
ccs,731,2.8117,-0.0147
ccs,732,2.9159,-0.0041
ccs,733,2.9410,-0.0013
ccs,734,2.8564,-0.0046
ccs,735,2.8789,-0.0168
ccs,736,3.0353,0.0102
ccs,737,2.7946,-0.0129
ccs,738,2.9753,0.0101
ccs,739,2.9462,-0.0114
ccs,740,2.8601,0.0022
ccs,741,2.9420,0.0070
ccs,742,2.9420,0.0019
ccs,743,2.8926,-0.0132
ccs,744,2.9670,-0.0029
ccs,745,2.8728,-0.0103
ccs,746,2.9793,0.0015
ccs,747,2.9373,0.0000
ccs,748,2.9962,0.0043
ccs,749,2.8350,0.0049
ccs,750,2.8402,0.0084
ccs,751,2.9963,0.0104
ccs,752,3.0457,0.0140
ccs,753,2.9439,0.0137
ccs,754,2.8076,-0.0005
ccs,755,2.8610,0.0030
ccs,756,2.8427,0.0146
ccs,757,2.9492,0.0033
ccs,758,2.7978,0.0005
ccs,759,2.8362,0.0085
ccs,760,2.8582,-0.0111
ccs,761,2.8458,-0.0020
ccs,762,2.8198,0.0309
ccs,763,2.8794,0.0948
ccs,764,2.9213,0.1191
ccs,765,2.9889,0.0820
ccs,766,2.8747,0.0690
ccs,767,2.8863,0.0273
ccs,768,2.8369,0.0209
ccs,769,2.9104,0.0135
ccs,770,2.7744,0.0050
ccs,771,2.8153,0.0142
ccs,772,2.8430,0.0277
ccs,773,2.8586,0.0209
ccs,774,2.8343,0.0371
ccs,775,2.9487,0.0374
ccs,776,2.7982,0.0266
ccs,777,2.8149,0.0372
ccs,778,2.8685,0.0333
ccs,779,2.8969,0.0390
ccs,780,2.9432,0.0423
ccs,781,2.9856,0.0350
ccs,782,2.8619,0.0315
ccs,783,2.8445,0.0355
ccs,784,2.8790,0.0319
ccs,785,2.9090,0.0308
ccs,786,2.8079,0.0348
ccs,787,2.7604,0.0386
ccs,788,2.8714,0.0428
ccs,789,2.9874,0.0363
ccs,790,2.8332,0.0385
ccs,791,3.0504,0.0392
ccs,792,2.8593,0.0387
ccs,793,2.8578,0.0356
ccs,794,2.8605,0.0410
ccs,795,2.9971,0.0395
ccs,796,2.9697,0.0394
ccs,797,2.8124,0.0245
ccs,798,2.8607,0.0444
ccs,799,2.9112,0.0338
ccsd,0,3.5817,0.3989
ccsd,1,3.1971,0.2695
ccsd,2,3.3188,0.2457
ccsd,3,3.1890,0.1846
ccsd,4,2.4593,0.0162
ccsd,5,2.4520,-0.0128
ccsd,6,2.9553,0.0928
ccsd,7,2.8960,0.1316
ccsd,8,2.8028,0.0954
ccsd,9,2.8068,-0.0001
ccsd,10,2.7048,-0.1375
ccsd,11,2.6595,-0.2927
ccsd,12,2.7394,-0.2583
ccsd,13,2.7977,-0.2588
ccsd,14,2.9901,-0.1676
ccsd,15,2.7792,-0.0034
ccsd,16,2.8873,0.0984
ccsd,17,2.7936,-0.0128
ccsd,18,2.5655,-0.0276
ccsd,19,2.8326,-0.1193
ccsd,20,2.7973,-0.1846
ccsd,21,2.8216,-0.1977
ccsd,22,2.8083,-0.2667
ccsd,23,2.8374,-0.2962
ccsd,24,2.9849,-0.2655
ccsd,25,3.0320,-0.2395
ccsd,26,2.9760,-0.1740
ccsd,27,2.9598,-0.1701
ccsd,28,3.1751,-0.0592
ccsd,29,3.1580,-0.1318
ccsd,30,3.1256,0.0079
ccsd,31,3.1640,-0.0361
ccsd,32,3.1160,-0.1288
ccsd,33,3.0250,-0.1560
ccsd,34,2.8937,-0.1110
ccsd,35,2.8800,-0.1537
ccsd,36,2.8116,-0.1097
ccsd,37,2.8648,-0.1456
ccsd,38,2.8826,-0.1064
ccsd,39,2.8071,-0.0650
ccsd,40,2.8697,-0.0111
ccsd,41,2.8713,-0.1114
ccsd,42,2.7203,-0.0989
ccsd,43,2.7076,-0.0965
ccsd,44,2.5458,-0.0880
ccsd,45,2.6980,-0.0168
ccsd,46,2.8120,0.0263
ccsd,47,2.7680,0.0064
ccsd,48,2.8324,-0.0479
ccsd,49,2.6225,-0.1860
ccsd,50,2.6316,-0.1845
ccsd,51,2.7321,-0.1478
ccsd,52,2.5771,-0.1533
ccsd,53,2.7353,-0.0975
ccsd,54,2.7149,-0.0820
ccsd,55,2.8694,-0.0668
ccsd,56,2.9035,-0.0898
ccsd,57,2.7630,-0.1692
ccsd,58,2.8364,-0.1718
ccsd,59,2.7604,-0.1948
ccsd,60,2.6752,-0.1199
ccsd,61,2.8381,-0.0493
ccsd,62,2.7719,-0.0973
ccsd,63,2.6556,-0.1994
ccsd,64,2.6833,-0.2914
ccsd,65,2.7095,-0.2911
ccsd,66,2.7045,-0.3627
ccsd,67,2.7847,-0.3697
ccsd,68,2.7016,-0.4106
ccsd,69,2.9060,-0.4354
ccsd,70,2.8266,-0.4312
ccsd,71,2.8440,-0.4920
ccsd,72,2.9722,-0.4745
ccsd,73,2.8511,-0.5384
ccsd,74,3.0255,-0.5623
ccsd,75,3.1126,-0.5829
ccsd,76,3.0654,-0.5893
ccsd,77,3.1493,-0.5881
ccsd,78,3.3241,-0.5561
ccsd,79,3.2695,-0.5563
ccsd,80,3.2705,-0.5553
ccsd,81,3.3550,-0.5370
ccsd,82,3.3642,-0.5341
ccsd,83,3.4112,-0.5567
ccsd,84,3.3425,-0.5789
ccsd,85,3.4612,-0.5402
ccsd,86,3.4969,-0.5408
ccsd,87,3.4647,-0.5153
ccsd,88,3.4690,-0.4752
ccsd,89,3.3027,-0.4612
ccsd,90,3.2709,-0.4346
ccsd,91,3.0624,-0.4276
ccsd,92,3.2485,-0.3084
ccsd,93,3.0212,-0.3599
ccsd,94,3.0283,-0.3719
ccsd,95,3.1013,-0.3189
ccsd,96,3.2596,-0.2890
ccsd,97,3.1185,-0.3318
ccsd,98,3.1037,-0.3115
ccsd,99,2.8932,-0.3289
ccsd,100,3.1321,-0.2962
ccsd,101,3.0253,-0.2519
ccsd,102,3.0891,-0.2910
ccsd,103,2.9591,-0.3118
ccsd,104,3.1283,-0.2720
ccsd,105,3.1584,-0.3584
ccsd,106,3.2507,-0.3711
ccsd,107,3.0693,-0.4190
ccsd,108,3.0947,-0.4309
ccsd,109,3.0907,-0.4101
ccsd,110,3.0418,-0.3961
ccsd,111,2.9309,-0.3590
ccsd,112,3.0954,-0.1883
ccsd,113,3.0979,-0.2968
ccsd,114,2.9440,-0.4285
ccsd,115,3.0945,-0.3647
ccsd,116,3.1661,-0.4100
ccsd,117,3.0915,-0.4124
ccsd,118,3.1536,-0.3685
ccsd,119,3.1297,-0.3984
ccsd,120,3.1500,-0.3588
ccsd,121,3.1705,-0.3595
ccsd,122,3.1611,-0.3764
ccsd,123,3.2315,-0.3234
ccsd,124,3.1602,-0.3673
ccsd,125,3.0276,-0.4229
ccsd,126,3.1738,-0.3166
ccsd,127,3.1539,-0.3355
ccsd,128,3.1146,-0.3805
ccsd,129,3.2015,-0.2512
ccsd,130,3.1996,-0.3258
ccsd,131,3.3789,-0.2145
ccsd,132,3.4019,-0.2661
ccsd,133,3.3389,-0.3199
ccsd,134,3.3399,-0.3804
ccsd,135,3.2506,-0.4133
ccsd,136,3.4865,-0.2897
ccsd,137,3.2017,-0.4256
ccsd,138,3.4671,-0.2786
ccsd,139,3.2779,-0.3344
ccsd,140,3.2532,-0.3258
ccsd,141,3.2481,-0.2442
ccsd,142,3.2311,-0.3068
ccsd,143,3.2587,-0.3129
ccsd,144,3.2028,-0.3251
ccsd,145,3.2138,-0.4054
ccsd,146,3.2408,-0.4357
ccsd,147,3.2179,-0.3632
ccsd,148,3.1585,-0.3526
ccsd,149,3.0626,-0.3413
ccsd,150,3.1307,-0.1030
ccsd,151,3.0863,-0.0620
ccsd,152,3.1408,-0.0329
ccsd,153,3.1787,-0.3431
ccsd,154,3.2910,-0.4515
ccsd,155,3.4414,-0.4428
ccsd,156,3.5042,-0.3546
ccsd,157,3.4178,-0.1665
ccsd,158,3.5185,-0.1785
ccsd,159,3.3415,-0.2292
ccsd,160,3.0579,-0.2138
ccsd,161,3.5409,-0.2264
ccsd,162,3.2146,-0.1572
ccsd,163,3.9989,-0.1270
ccsd,164,3.5030,-0.0835
ccsd,165,3.8909,-0.0699
ccsd,166,3.4180,-0.0309
ccsd,167,3.4077,-0.0497
ccsd,168,3.5018,-0.0438
ccsd,169,3.3936,-0.0573
ccsd,170,3.3132,-0.0482
ccsd,171,3.2629,-0.0648
ccsd,172,3.5299,-0.0920
ccsd,173,3.3203,-0.1375
ccsd,174,3.3531,-0.1673
ccsd,175,3.3400,-0.2267
ccsd,176,3.3121,-0.2048
ccsd,177,3.5789,-0.2593
ccsd,178,3.5099,-0.2350
ccsd,179,3.6266,-0.2397
ccsd,180,3.5649,-0.2437
ccsd,181,3.4944,-0.2206
ccsd,182,3.6265,-0.2454
ccsd,183,3.7061,-0.2157
ccsd,184,3.6764,-0.1791
ccsd,185,3.6282,-0.1400
ccsd,186,3.5140,-0.0755
ccsd,187,3.7222,-0.0625
ccsd,188,3.3813,-0.0102
ccsd,189,3.4544,-0.0037
ccsd,190,3.5101,-0.0139
ccsd,191,3.2538,-0.0139
ccsd,192,3.2492,-0.0462
ccsd,193,3.2632,-0.0043
ccsd,194,3.3512,-0.0816
ccsd,195,3.2774,-0.0825
ccsd,196,3.2842,-0.0702
ccsd,197,3.3378,-0.0847
ccsd,198,3.3858,-0.0769
ccsd,199,3.3278,-0.0692
ccsd,200,3.1213,-0.0532
ccsd,201,3.1731,-0.0542
ccsd,202,3.1132,-0.0509
ccsd,203,3.1831,-0.0457
ccsd,204,3.3403,-0.0509
ccsd,205,3.1296,-0.0305
ccsd,206,3.2514,-0.0443
ccsd,207,3.1268,-0.0125
ccsd,208,3.0939,-0.0046
ccsd,209,3.0595,-0.0021
ccsd,210,3.0441,-0.0042
ccsd,211,3.0470,0.0002
ccsd,212,2.9773,0.0146
ccsd,213,3.1132,0.0103
ccsd,214,3.1439,-0.0254
ccsd,215,3.0157,-0.0027
ccsd,216,3.0560,-0.0173
ccsd,217,2.8565,0.0052
ccsd,218,3.0510,-0.0154
ccsd,219,2.8523,0.0314
ccsd,220,2.9496,0.0045
ccsd,221,2.8429,0.0077
ccsd,222,2.8393,-0.0008
ccsd,223,2.8486,-0.0040
ccsd,224,2.9156,-0.0267
ccsd,225,2.8176,-0.0137
ccsd,226,2.9496,-0.0310
ccsd,227,2.8806,-0.0297
ccsd,228,2.9016,-0.0426
ccsd,229,2.9573,-0.0162
ccsd,230,2.8564,-0.0398
ccsd,231,2.7609,-0.0281
ccsd,232,2.7356,-0.0416
ccsd,233,2.8701,-0.0241
ccsd,234,2.9308,-0.0390
ccsd,235,2.8369,-0.0422
ccsd,236,2.8871,-0.0264
ccsd,237,2.7775,-0.0319
ccsd,238,2.9000,-0.0283
ccsd,239,2.8653,-0.0334
ccsd,240,2.8706,-0.0064
ccsd,241,2.8859,0.0152
ccsd,242,2.9550,-0.0174
ccsd,243,2.9081,-0.0205
ccsd,244,2.7722,-0.0419
ccsd,245,2.8979,-0.0445
ccsd,246,2.8656,-0.0500
ccsd,247,2.8666,-0.0558
ccsd,248,2.8025,-0.0561
ccsd,249,2.7830,-0.0586
ccsd,250,2.7296,-0.0413
ccsd,251,2.8383,-0.0372
ccsd,252,2.8965,-0.0388
ccsd,253,2.9449,-0.0103
ccsd,254,2.7863,-0.0523
ccsd,255,2.8697,-0.0579
ccsd,256,2.9476,-0.1284
ccsd,257,2.8803,-0.2646
ccsd,258,3.0207,-0.4052
ccsd,259,3.0831,-0.3892
ccsd,260,3.2366,-0.4395
ccsd,261,3.2058,-0.3450
ccsd,262,3.3656,-0.2138
ccsd,263,3.2672,-0.1029
ccsd,264,3.2053,-0.0451
ccsd,265,3.2206,-0.0178
ccsd,266,3.2721,0.0004
ccsd,267,3.2521,0.0017
ccsd,268,3.1504,-0.0022
ccsd,269,3.1546,0.0016
ccsd,270,3.0440,-0.0226
ccsd,271,3.2497,-0.0160
ccsd,272,2.9951,0.0026
ccsd,273,3.2898,-0.1124
ccsd,274,3.1531,-0.0705
ccsd,275,3.1082,-0.1228
ccsd,276,3.1638,-0.2295
ccsd,277,3.0771,-0.2257
ccsd,278,3.2298,-0.2667
ccsd,279,3.0863,-0.2291
ccsd,280,3.3706,-0.2352
ccsd,281,3.3678,-0.2319
ccsd,282,3.4611,-0.2057
ccsd,283,3.4076,-0.2019
ccsd,284,3.2278,-0.1866
ccsd,285,3.1059,-0.1682
ccsd,286,3.1922,-0.1661
ccsd,287,3.1382,-0.1494
ccsd,288,3.2378,-0.1489
ccsd,289,3.0004,-0.1414
ccsd,290,3.1093,-0.1816
ccsd,291,2.9593,-0.2046
ccsd,292,3.0158,-0.2149
ccsd,293,3.0562,-0.2946
ccsd,294,3.1410,-0.3985
ccsd,295,3.0121,-0.3695
ccsd,296,3.1875,-0.4311
ccsd,297,3.1035,-0.3750
ccsd,298,3.0517,-0.3389
ccsd,299,3.0719,-0.2630
ccsd,300,2.9832,-0.1908
ccsd,301,3.0123,-0.0914
ccsd,302,2.8594,-0.0125
ccsd,303,2.9285,-0.0182
ccsd,304,2.8856,-0.0414
ccsd,305,2.9914,-0.0334
ccsd,306,2.9806,0.0053
ccsd,307,2.7649,0.0735
ccsd,308,2.8405,0.0043
ccsd,309,2.8934,-0.1152
ccsd,310,2.7966,-0.0822
ccsd,311,2.8775,-0.1576
ccsd,312,2.9608,-0.2174
ccsd,313,2.9134,-0.2387
ccsd,314,3.0332,-0.2574
ccsd,315,3.3895,-0.2282
ccsd,316,3.0232,-0.2273
ccsd,317,2.9193,-0.1976
ccsd,318,2.9226,-0.1791
ccsd,319,3.0041,-0.2171
ccsd,320,3.0665,-0.1949
ccsd,321,2.9260,-0.1606
ccsd,322,2.9279,-0.1847
ccsd,323,2.9358,-0.1427
ccsd,324,2.9170,-0.1675
ccsd,325,2.8693,-0.1194
ccsd,326,2.8618,-0.1123
ccsd,327,2.8495,-0.1358
ccsd,328,2.9006,-0.1277
ccsd,329,2.9324,-0.0669
ccsd,330,2.8855,-0.1398
ccsd,331,2.9211,-0.0807
ccsd,332,2.9178,-0.1195
ccsd,333,3.0260,-0.1085
ccsd,334,2.7639,-0.0988
ccsd,335,2.9930,-0.1437
ccsd,336,3.0208,-0.0796
ccsd,337,2.8871,-0.1124
ccsd,338,2.9106,-0.0808
ccsd,339,2.8617,-0.0851
ccsd,340,2.9435,-0.0697
ccsd,341,2.9490,-0.0575
ccsd,342,2.8841,-0.0687
ccsd,343,2.9633,-0.0601
ccsd,344,2.8522,-0.0753
ccsd,345,2.8270,-0.0680
ccsd,346,2.9106,-0.0723
ccsd,347,2.9163,-0.0630
ccsd,348,2.8681,-0.0613
ccsd,349,2.9117,-0.0647
ccsd,350,2.9435,-0.0773
ccsd,351,2.8839,-0.0594
ccsd,352,2.9380,-0.0449
ccsd,353,2.8982,-0.0814
ccsd,354,2.8841,-0.1102
ccsd,355,2.8944,-0.0849
ccsd,356,3.0466,-0.1113
ccsd,357,2.8375,-0.0966
ccsd,358,2.9451,-0.1206
ccsd,359,2.9038,-0.1092
ccsd,360,2.8152,-0.0911
ccsd,361,2.8660,-0.1225
ccsd,362,2.9276,-0.1296
ccsd,363,2.8318,-0.1302
ccsd,364,2.8594,-0.1327
ccsd,365,2.8082,-0.1340
ccsd,366,2.9579,-0.1325
ccsd,367,2.8417,-0.1410
ccsd,368,2.9417,-0.1197
ccsd,369,2.9277,-0.0920
ccsd,370,2.9518,-0.1225
ccsd,371,2.9234,-0.1145
ccsd,372,2.8767,-0.0926
ccsd,373,2.9994,-0.0643
ccsd,374,2.8860,-0.0890
ccsd,375,2.8517,-0.1022
ccsd,376,2.9513,-0.0638
ccsd,377,2.9164,-0.0795
ccsd,378,2.9275,-0.0395
ccsd,379,3.0095,-0.0409
ccsd,380,3.0159,-0.0416
ccsd,381,3.0303,-0.0326
ccsd,382,2.9042,-0.0611
ccsd,383,2.9650,-0.0405
ccsd,384,2.9575,-0.0331
ccsd,385,2.8529,-0.0166
ccsd,386,2.8739,-0.0379
ccsd,387,2.8765,-0.0654
ccsd,388,2.8934,-0.0664
ccsd,389,2.8674,-0.0416
ccsd,390,2.9595,-0.0613
ccsd,391,2.9288,-0.0575
ccsd,392,2.8118,-0.1009
ccsd,393,2.8551,-0.0372
ccsd,394,2.9594,-0.0327
ccsd,395,2.8355,-0.0778
ccsd,396,2.8449,-0.0299
ccsd,397,2.9055,-0.0015
ccsd,398,2.9950,-0.0177
ccsd,399,2.8991,-0.0195
ccsd,400,2.8295,-0.0633
ccsd,401,2.8041,-0.0768
ccsd,402,2.8491,-0.0542
ccsd,403,2.9024,-0.0417
ccsd,404,2.9090,-0.0319
ccsd,405,2.7613,-0.0543
ccsd,406,2.9652,-0.0316
ccsd,407,2.8465,-0.0405
ccsd,408,2.8705,-0.0214
ccsd,409,2.9314,-0.0244
ccsd,410,2.9617,-0.0092
ccsd,411,2.8845,-0.0431
ccsd,412,2.9960,-0.0112
ccsd,413,2.8172,-0.0433
ccsd,414,2.8578,-0.0389
ccsd,415,2.7869,-0.0576
ccsd,416,2.9654,-0.0233
ccsd,417,3.0826,0.0088
ccsd,418,2.9550,-0.0063
ccsd,419,2.9250,0.0077
ccsd,420,2.8305,-0.0387
ccsd,421,2.8235,-0.0137
ccsd,422,2.8549,-0.0265
ccsd,423,2.8405,-0.0087
ccsd,424,2.8685,-0.0337
ccsd,425,2.8218,-0.0197
ccsd,426,2.8862,0.0382
ccsd,427,2.8466,-0.0010
ccsd,428,2.8182,-0.0519
ccsd,429,2.7869,0.0125
ccsd,430,2.7564,-0.0300
ccsd,431,2.7416,-0.0013
ccsd,432,2.8462,0.0156
ccsd,433,2.9437,0.1108
ccsd,434,2.7887,0.0871
ccsd,435,2.7840,0.1159
ccsd,436,2.7569,0.0270
ccsd,437,2.7385,0.0064
ccsd,438,2.7663,0.0555
ccsd,439,2.8476,0.0248
ccsd,440,2.7367,-0.0488
ccsd,441,2.7204,-0.0962
ccsd,442,2.7904,-0.1205
ccsd,443,2.7285,-0.1591
ccsd,444,2.8263,-0.1268
ccsd,445,2.7728,-0.2051
ccsd,446,2.7993,-0.1891
ccsd,447,2.7710,-0.2095
ccsd,448,2.8219,-0.1975
ccsd,449,2.7731,-0.2444
ccsd,450,2.8801,-0.2236
ccsd,451,2.7939,-0.2712
ccsd,452,2.7778,-0.2663
ccsd,453,2.7192,-0.2432
ccsd,454,2.7627,-0.2091
ccsd,455,2.6824,-0.3000
ccsd,456,2.9154,-0.1606
ccsd,457,2.8921,-0.1750
ccsd,458,2.7285,-0.2664
ccsd,459,2.8247,-0.1675
ccsd,460,2.7916,-0.1823
ccsd,461,2.8435,-0.1286
ccsd,462,2.7324,-0.1844
ccsd,463,2.8891,-0.1071
ccsd,464,2.8153,-0.1342
ccsd,465,2.8255,-0.1148
ccsd,466,2.7546,-0.1038
ccsd,467,2.7941,-0.1057
ccsd,468,2.8827,-0.0153
ccsd,469,2.7517,-0.0724
ccsd,470,2.7943,-0.0401
ccsd,471,2.7010,-0.0836
ccsd,472,2.7389,-0.0555
ccsd,473,2.7737,-0.0324
ccsd,474,2.7490,-0.0406
ccsd,475,2.6637,-0.0421
ccsd,476,2.7345,-0.0266
ccsd,477,2.7781,0.0055
ccsd,478,2.7641,0.0008
ccsd,479,2.6520,-0.0428
ccsd,480,2.6843,-0.0457
ccsd,481,2.5838,-0.0689
ccsd,482,2.6940,-0.0608
ccsd,483,2.6130,-0.0503
ccsd,484,2.7043,-0.0182
ccsd,485,2.7487,-0.0172
ccsd,486,2.7126,-0.0356
ccsd,487,2.6861,-0.0438
ccsd,488,2.8250,-0.0093
ccsd,489,2.7906,-0.0179
ccsd,490,2.6289,-0.0275
ccsd,491,2.6907,-0.0179
ccsd,492,2.7508,-0.0354
ccsd,493,2.7261,-0.0124
ccsd,494,2.6407,-0.0236
ccsd,495,2.6628,-0.0327
ccsd,496,2.6622,-0.0466
ccsd,497,2.6841,-0.0103
ccsd,498,2.6904,-0.0238
ccsd,499,2.6840,-0.0428
ccsd,500,2.6325,-0.0541
ccsd,501,2.6238,-0.0453
ccsd,502,2.7755,-0.0296
ccsd,503,2.6929,-0.0533
ccsd,504,2.6934,-0.0680
ccsd,505,2.7898,-0.0770
ccsd,506,2.6843,-0.0787
ccsd,507,2.6889,-0.0920
ccsd,508,2.6846,-0.0643
ccsd,509,2.7126,-0.0345
ccsd,510,2.7438,-0.0768
ccsd,511,2.6518,-0.0522
ccsd,512,2.6663,-0.1129
ccsd,513,2.7162,-0.1194
ccsd,514,2.7269,-0.1353
ccsd,515,2.7667,-0.1622
ccsd,516,2.6421,-0.1675
ccsd,517,2.7103,-0.1899
ccsd,518,2.6254,-0.1930
ccsd,519,2.7323,-0.1618
ccsd,520,2.7768,-0.1690
ccsd,521,2.6795,-0.1764
ccsd,522,2.6904,-0.1485
ccsd,523,2.6584,-0.1285
ccsd,524,2.6724,-0.2308
ccsd,525,2.6515,-0.2394
ccsd,526,2.7419,-0.2216
ccsd,527,2.8288,-0.1887
ccsd,528,2.6886,-0.1363
ccsd,529,2.6554,-0.1582
ccsd,530,2.6700,-0.1275
ccsd,531,2.7017,-0.1271
ccsd,532,2.6977,-0.1592
ccsd,533,2.7371,-0.0838
ccsd,534,2.6363,-0.1535
ccsd,535,2.7100,-0.1495
ccsd,536,2.6666,-0.1567
ccsd,537,2.7049,-0.1411
ccsd,538,2.6577,-0.1246
ccsd,539,2.6266,-0.1355
ccsd,540,2.6386,-0.1139
ccsd,541,2.7647,-0.0962
ccsd,542,2.7582,-0.0737
ccsd,543,2.6697,-0.0792
ccsd,544,2.6594,-0.0689
ccsd,545,2.6527,-0.0618
ccsd,546,2.6730,-0.0627
ccsd,547,2.6004,-0.0860
ccsd,548,2.6546,-0.1853
ccsd,549,2.6178,-0.1815
ccsd,550,2.5948,-0.1142
ccsd,551,2.7777,-0.1971
ccsd,552,2.7587,-0.1291
ccsd,553,2.6962,-0.1377
ccsd,554,2.7117,-0.0884
ccsd,555,2.6876,-0.1117
ccsd,556,2.6411,-0.0924
ccsd,557,2.7053,-0.0811
ccsd,558,2.7119,-0.0538
ccsd,559,2.6455,-0.1131
ccsd,560,2.6763,-0.0904
ccsd,561,2.6977,-0.0445
ccsd,562,2.6539,-0.0522
ccsd,563,2.7220,-0.0291
ccsd,564,2.5917,-0.0047
ccsd,565,2.6365,0.0225
ccsd,566,2.5430,-0.0421
ccsd,567,2.7079,0.0182
ccsd,568,2.6262,0.0002
ccsd,569,2.5635,-0.0071
ccsd,570,2.6517,-0.0024
ccsd,571,2.5949,-0.0365
ccsd,572,2.5028,-0.0049
ccsd,573,2.6172,0.0144
ccsd,574,2.5821,-0.0032
ccsd,575,2.6779,0.0287
ccsd,576,2.6175,-0.0541
ccsd,577,2.5992,-0.0057
ccsd,578,2.4741,-0.0585
ccsd,579,2.5622,-0.0302
ccsd,580,2.6060,-0.0143
ccsd,581,2.6597,0.0361
ccsd,582,2.7140,0.0109
ccsd,583,2.5756,-0.0127
ccsd,584,2.6337,-0.0067
ccsd,585,2.5340,-0.0364
ccsd,586,2.5152,-0.0090
ccsd,587,2.5708,-0.0198
ccsd,588,2.5645,-0.0422
ccsd,589,2.5308,-0.0457
ccsd,590,2.6090,-0.0482
ccsd,591,2.6690,-0.0329
ccsd,592,2.5363,-0.0290
ccsd,593,2.5449,0.0051
ccsd,594,2.5980,0.0798
ccsd,595,2.6523,0.0636
ccsd,596,2.5628,0.0082
ccsd,597,2.6204,-0.0242
ccsd,598,2.4737,-0.0545
ccsd,599,2.5209,-0.0413
ccsd,600,2.5135,0.0209
ccsd,601,2.5772,0.0137
ccsd,602,2.6939,-0.0451
ccsd,603,2.5582,-0.0689
ccsd,604,2.4801,-0.1066
ccsd,605,2.6301,-0.0845
ccsd,606,2.6524,-0.0381
ccsd,607,2.6011,-0.0724
ccsd,608,2.5165,-0.0685
ccsd,609,2.5670,-0.0974
ccsd,610,2.5122,-0.0813
ccsd,611,2.6145,-0.0773
ccsd,612,2.5415,-0.0862
ccsd,613,2.5783,-0.0441
ccsd,614,2.5320,-0.0647
ccsd,615,2.5642,-0.0575
ccsd,616,2.6285,-0.0015
ccsd,617,2.5561,-0.0106
ccsd,618,2.4775,-0.1199
ccsd,619,2.4770,-0.0408
ccsd,620,2.6082,-0.0341
ccsd,621,2.4346,-0.0317
ccsd,622,2.4465,-0.0351
ccsd,623,2.5372,-0.0192
ccsd,624,2.4962,-0.0234
ccsd,625,2.4986,0.0261
ccsd,626,2.5529,-0.0030
ccsd,627,2.5431,-0.0141
ccsd,628,2.4547,-0.0060
ccsd,629,2.4059,-0.0386
ccsd,630,2.5585,0.0035
ccsd,631,2.5257,-0.0232
ccsd,632,2.5884,0.0110
ccsd,633,2.6156,0.0011
ccsd,634,2.5617,0.0441
ccsd,635,2.5285,0.0152
ccsd,636,2.5898,-0.0036
ccsd,637,2.5247,-0.0196
ccsd,638,2.4321,-0.0400
ccsd,639,2.5611,-0.0054
ccsd,640,2.5486,0.0261
ccsd,641,2.5853,0.0077
ccsd,642,2.6029,0.0224
ccsd,643,2.4248,-0.0537
ccsd,644,2.4169,-0.0364
ccsd,645,2.4419,-0.0438
ccsd,646,2.4909,-0.0402
ccsd,647,2.4506,-0.0166
ccsd,648,2.4986,0.0042
ccsd,649,2.5958,0.0430
ccsd,650,2.4047,0.0213
ccsd,651,2.4574,0.0015
ccsd,652,2.5441,0.0409
ccsd,653,2.4382,-0.0007
ccsd,654,2.6074,-0.0288
ccsd,655,2.5578,0.0180
ccsd,656,2.4698,-0.0108
ccsd,657,2.5002,-0.0363
ccsd,658,2.4370,-0.0173
ccsd,659,2.5091,-0.0070
ccsd,660,2.5824,0.0229
ccsd,661,2.4492,-0.0175
ccsd,662,2.4437,-0.0062
ccsd,663,2.5130,0.0276
ccsd,664,2.5347,0.0052
ccsd,665,2.4868,0.0126
ccsd,666,2.4645,0.0174
ccsd,667,2.3744,0.0073
ccsd,668,2.5339,0.0139
ccsd,669,2.4815,-0.0516
ccsd,670,2.5136,0.0101
ccsd,671,2.5286,0.0494
ccsd,672,2.4873,0.1370
ccsd,673,2.5301,0.0773
ccsd,674,2.4474,0.2059
ccsd,675,2.5950,0.1204
ccsd,676,2.5833,0.0437
ccsd,677,2.5030,0.0412
ccsd,678,2.5351,-0.1180
ccsd,679,2.4933,0.1091
ccsd,680,2.5837,0.0476
ccsd,681,2.4997,0.1228
ccsd,682,2.5082,0.0447
ccsd,683,2.4714,-0.0276
ccsd,684,2.5383,-0.0654
ccsd,685,2.5151,0.0259
ccsd,686,2.5870,0.0306
ccsd,687,2.4958,0.0299
ccsd,688,2.5354,0.0482
ccsd,689,2.4612,0.0201
ccsd,690,2.5695,0.0393
ccsd,691,2.4707,0.0054
ccsd,692,2.5417,0.0235
ccsd,693,2.5290,-0.0669
ccsd,694,2.5075,-0.0001
ccsd,695,2.4981,-0.0437
ccsd,696,2.5436,-0.0405
ccsd,697,2.5444,-0.0072
ccsd,698,2.6055,-0.0272
ccsd,699,2.4749,0.0453
ccsd,700,2.4153,0.0231
ccsd,701,2.5573,0.0193
ccsd,702,2.4407,0.0068
ccsd,703,2.4663,-0.0227
ccsd,704,2.5483,-0.0254
ccsd,705,2.6081,-0.0191
ccsd,706,2.5175,0.0363
ccsd,707,2.6132,0.0677
ccsd,708,2.5756,0.0480
ccsd,709,2.5956,0.0059
ccsd,710,2.5137,0.0070
ccsd,711,2.5676,-0.0300
ccsd,712,2.5351,-0.0917
ccsd,713,2.4844,-0.1168
ccsd,714,2.5527,-0.0643
ccsd,715,2.4506,-0.0683
ccsd,716,2.4969,-0.0421
ccsd,717,2.5460,-0.0526
ccsd,718,2.4827,-0.0627
ccsd,719,2.6108,0.0632
ccsd,720,2.5179,-0.0477
ccsd,721,2.4836,-0.0689
ccsd,722,2.4708,-0.0828
ccsd,723,2.5574,-0.0551
ccsd,724,2.6413,0.0064
ccsd,725,2.4267,-0.1036
ccsd,726,2.5292,-0.1928
ccsd,727,2.4769,0.0357
ccsd,728,2.6263,-0.1454
ccsd,729,2.5166,-0.0332
ccsd,730,2.5261,0.1502
ccsd,731,2.6205,-0.1693
ccsd,732,2.5682,-0.1329
ccsd,733,2.4862,-0.0905
ccsd,734,2.5951,0.1070
ccsd,735,2.4756,-0.0521
ccsd,736,2.6094,-0.1523
ccsd,737,2.4715,-0.2017
ccsd,738,2.5516,0.1482
ccsd,739,2.5167,-0.1460
ccsd,740,2.5957,-0.2051
ccsd,741,2.6776,-0.1547
ccsd,742,2.5736,-0.1649
ccsd,743,2.5037,-0.1203
ccsd,744,2.5401,-0.1086
ccsd,745,2.4897,0.0019
ccsd,746,2.5272,0.0371
ccsd,747,2.5532,0.0294
ccsd,748,2.5715,-0.0636
ccsd,749,2.6299,-0.1161
ccsd,750,2.5919,-0.1058
ccsd,751,2.6428,-0.1220
ccsd,752,2.5990,-0.0500
ccsd,753,2.6301,-0.0964
ccsd,754,2.5655,-0.1301
ccsd,755,2.5913,-0.0710
ccsd,756,2.5815,0.0608
ccsd,757,2.5386,-0.0763
ccsd,758,2.6431,-0.0538
ccsd,759,2.5455,-0.2044
ccsd,760,2.6579,-0.1414
ccsd,761,2.4863,-0.1444
ccsd,762,2.5957,-0.1631
ccsd,763,2.5397,-0.2064
ccsd,764,2.6733,-0.1753
ccsd,765,2.6368,-0.1189
ccsd,766,2.6229,-0.1521
ccsd,767,2.6520,-0.1197
ccsd,768,2.5303,-0.0834
ccsd,769,2.7486,-0.1672
ccsd,770,2.7328,-0.2382
ccsd,771,2.7588,-0.1536
ccsd,772,2.5909,-0.2490
ccsd,773,2.5625,-0.2557
ccsd,774,2.5765,-0.1909
ccsd,775,2.6450,-0.1580
ccsd,776,2.7441,-0.1470
ccsd,777,2.7674,-0.2795
ccsd,778,2.7239,-0.2423
ccsd,779,2.6900,-0.0973
ccsd,780,2.7582,-0.0570
ccsd,781,2.7252,-0.1505
ccsd,782,2.6862,-0.1920
ccsd,783,2.7503,-0.2361
ccsd,784,2.7210,-0.2252
ccsd,785,2.6224,-0.1981
ccsd,786,2.7015,-0.1000
ccsd,787,2.6417,-0.1727
ccsd,788,2.5425,-0.2907
ccsd,789,2.6491,-0.2264
ccsd,790,2.7310,-0.3006
ccsd,791,2.6734,-0.2821
ccsd,792,2.7180,-0.3587
ccsd,793,2.6969,-0.1633
ccsd,794,2.7697,-0.3555
ccsd,795,2.6790,-0.2412
ccsd,796,2.8238,-0.2285
ccsd,797,2.8031,-0.1859
ccsd,798,3.0120,-0.1056
ccsd,799,2.6876,-0.0445
